step,x,y,theta,v,lateral_error
0,0,0,0,0.15,0
1,0.0075,0,0,0.3,0.0075
2,0.0225,0,0,0.45,0.0225
3,0.045,0,0,0.6,0.045
4,0.075,0,0,0.75,0.075
5,0.1125,0,0,0.9,0.104528
6,0.1575,0,0,1.05,0.0595284
7,0.21,0,0,1.2,0.00702838
8,0.27,0,0,1.35,0.0529716
9,0.3375,0,0,1.5,0.0965568
10,0.4125,0,0,1.65,0.0215568
11,0.495,0,0,1.8,0.0609432
12,0.585,0,0,1.95,0.0660851
13,0.6825,0,0,2.1,0.0314149
14,0.7875,0,0,2.25,0.0806135
15,0.9,0,0,2.4,0.0318865
16,1.02,0,0,2.55,0.0651419
17,1.1475,0,0,2.7,0.0623581
18,1.2825,0,0,2.85,0.0196703
19,1.425,0,0,3,0.0941987
20,1.575,0,0,3.15,0.0558013
21,1.7325,0,0,3.3,0.00372705
22,1.8975,0,0,3.45,0.0557554
23,2.07,0,0,3.6,0.100284
24,2.25,0,0,3.75,0.0797162
25,2.4375,0,0,3.9,0.0501878
26,2.6325,0,0,4.05,0.0281594
27,2.835,0,0,4.2,0.0136311
28,3.045,0,0,4.35,0.00660267
29,3.2625,0,0,4.5,0.00707429
30,3.4875,0,0,4.65,0.0150459
31,3.72,0,0,4.8,0.0305175
32,3.96,0,0,4.95,0.0534891
33,4.2075,0,0,5.1,0.0839608
34,4.4625,0,0,5.25,0.095096
35,4.725,0,0,5.4,0.0496244
36,4.995,0,0,5.55,0.00334725
37,5.2725,0,0,5.7,0.0638189
38,5.5575,0,0,5.85,0.0852379
39,5.85,0,0,6,0.00976628
40,6.15,0,0,6.15,0.0732053
41,6.4575,0,0,6.3,0.0533514
42,6.7725,0,0,6.45,0.0446202
43,7.095,0,0,6.6,0.0669366
44,7.425,0,0,6.75,0.0460351
45,7.7625,0,0,6.9,0.0505217
46,8.1075,0,0,7.05,0.0774499
47,8.46,0,0,7.2,0.00410684
48,8.82,0,0,7.35,0.0781636
49,9.1875,0,0,7.5,0.072308
50,9.5625,0,0,7.65,0.0132513
51,9.945,0,0,7.8,0.0383055
52,10.335,0,0,7.95,0.0823623
53,10.7325,0,0,8.1,0.0981093
54,11.1375,0,0,8.25,0.0690526
55,11.55,0,0,8.4,0.0474958
56,11.97,0,0,8.55,0.0334391
57,12.3975,0,0,8.7,0.0268823
58,12.8325,0,0,8.85,0.0278255
59,13.275,0,0,9,0.0362688
60,13.725,0,0,9.15,0.052212
61,14.1825,0,0,9.3,0.0756553
62,14.6475,0,0,9.45,0.106598
63,15.12,0,0,9.6,0.0719866
64,15.6,0,0,9.75,0.0260434
65,16.0875,0,0,9.9,0.0273998
66,16.5825,0,0,10.05,0.0883431
67,17.085,0,0,10.2,0.0602421
68,17.595,0,0,10.35,0.0157012
69,18.1125,0,0,10.5,0.0991444
70,18.6375,0,0,10.65,0.0269407
71,19.17,0,0,10.8,0.0715025
72,19.71,0,0,10.95,0.0395826
73,20.2575,0,0,11.1,0.0738606
74,20.8125,0,0,11.25,0.0222245
75,21.375,0,0,11.4,0.106219
76,21.945,0,0,11.55,0.0251336
77,22.5225,0,0,11.7,0.0484516
78,23.1075,0,0,11.85,0.102492
79,23.7,0,0,12,0.0439065
80,24.3,0,0,12.15,0.00717863
81,24.9075,0,0,12.3,0.0507638
82,25.5225,0,0,12.45,0.0868489
83,26.145,0,0,12.6,0.101594
84,26.775,0.000102436,7.20439e-05,12.75,0.0805092
85,27.4125,0.000721669,0.000494835,12.9,0.0669276
86,28.0575,0.00264843,0.00175832,13.05,0.0608931
87,28.71,0.00697709,0.00445631,13.2,0.0626252
88,29.3699,0.0150426,0.00918997,13.35,0.0726736
89,30.0373,0.0283607,0.0164886,13.5,0.0918667
90,30.712,0.0485681,0.0267502,13.65,0.111401
91,31.3939,0.077361,0.0402036,13.7938,0.081363
92,32.0825,0.116418,0.0568887,13.927,0.0428429
93,32.7769,0.167327,0.0766536,14.0508,0.00698754
94,33.4765,0.23153,0.0991653,14.1658,0.0562733
95,34.1804,0.310371,0.124013,14.2726,0.112779
96,34.8877,0.404849,0.15059,14.3719,0.110421
97,35.5977,0.515478,0.178069,14.464,0.117586
98,36.3097,0.642409,0.20557,14.5496,0.149279
99,37.023,0.785402,0.232201,14.6291,0.193116
100,37.7371,0.943706,0.257022,14.7029,0.205559
101,38.4517,1.11615,0.279145,14.7715,0.205862
102,39.1667,1.30123,0.297833,14.8352,0.217854
103,39.8822,1.4969,0.312323,14.8944,0.240227
104,40.5985,1.70082,0.322017,14.9494,0.210056
105,41.3159,1.91055,0.326612,15.0004,0.194379
106,42.0351,2.12318,0.325763,15.0478,0.202738
107,42.7569,2.33567,0.319312,15.0919,0.148153
108,43.4819,2.54482,0.307233,15.1327,0.123659
109,44.2109,2.74742,0.289667,15.1707,0.110695
110,44.9446,2.94021,0.266871,15.2059,0.0380259
111,45.6833,3.12001,0.239226,15.2385,0.110328
112,46.4274,3.28376,0.207218,15.2688,0.0524549
113,47.1769,3.42877,0.171562,15.2968,0.135288
114,47.9315,3.55314,0.133371,15.3228,0.14545
115,48.6907,3.65562,0.0939717,15.3468,0.211209
116,49.4539,3.73578,0.0548723,15.3691,0.243243
117,50.2201,3.79385,0.0175432,15.3897,0.306325
118,50.9887,3.83083,-0.0166092,15.4087,0.331081
119,51.7589,3.84827,-0.0464139,15.4263,0.36408
120,52.5302,3.84829,-0.0709442,15.4425,0.348413
121,53.3022,3.83336,-0.089615,15.4574,0.344484
122,54.0745,3.80624,-0.102164,15.4712,0.308174
123,54.8473,3.76997,-0.108544,15.4839,0.276756
124,55.6203,3.72738,-0.109167,15.4956,0.235419
125,56.3937,3.6812,-0.104696,15.5063,0.184304
126,57.1676,3.63395,-0.0959673,15.5162,0.160874
127,57.942,3.58788,-0.0839384,15.5252,0.0879961
128,58.7171,3.54486,-0.0696007,15.5335,0.107446
129,59.4928,3.5064,-0.0539486,15.541,0.027751
130,60.2691,3.47361,-0.0378967,15.5479,0.0699279
131,61.0461,3.44715,-0.0222784,15.5541,0.0807859
132,61.8235,3.42731,-0.00780596,15.5598,0.0784725
133,62.6014,3.41404,0.00497444,15.565,0.129781
134,63.3796,3.40697,0.015667,15.5696,0.0933178
135,64.1581,3.40547,0.0240078,15.5738,0.125341
136,64.9368,3.40877,0.0299247,15.5775,0.10185
137,65.7156,3.41599,0.033477,15.5809,0.0948312
138,66.4946,3.42617,0.0348377,15.5838,0.111763
139,67.2737,3.43838,0.0342655,15.5864,0.061832
140,68.0529,3.45171,0.0320768,15.5887,0.105696
141,68.8322,3.46533,0.0286247,15.5907,0.0487064
142,69.6116,3.47852,0.0242554,15.5924,0.0585579
143,70.3912,3.49068,0.0193287,15.5939,0.074549
144,71.1708,3.50139,0.0141819,15.5951,0.0145958
145,71.9505,3.51033,0.00910754,15.596,0.103458
146,72.7303,3.51733,0.00435322,15.5968,0.0310325
147,73.5101,3.52235,0.000115196,15.5974,0.06642
148,74.2899,3.52545,-0.00347152,15.5977,0.0709512
149,75.0698,3.52677,-0.00632417,15.598,0.0346495
150,75.8497,3.52653,-0.00841282,15.598,0.11006
151,76.6296,3.5249,-0.00979847,15.5979,0.0310839
152,77.4095,3.52173,-0.0108435,15.5977,0.0729348
153,78.1894,3.5164,-0.0121972,15.5974,0.0613898
154,78.9692,3.50779,-0.0147585,15.5969,0.0301571
155,79.7489,3.49445,-0.019446,15.5963,0.0996639
156,80.5285,3.47461,-0.0271382,15.5956,0.0224668
157,81.3077,3.44627,-0.0385115,15.5949,0.0788815
158,82.0865,3.40737,-0.0539863,15.594,0.0499324
159,82.8645,3.35581,-0.0736711,15.5931,0.0533124
160,83.6413,3.28969,-0.0973325,15.5921,0.101939
161,84.4166,3.2073,-0.124442,15.591,0.113376
162,85.1897,3.10738,-0.154168,15.5899,0.176752
163,85.9601,2.98905,-0.185488,15.5887,0.198555
164,86.7274,2.85204,-0.217188,15.5874,0.248498
165,87.4911,2.69665,-0.24801,15.5861,0.268955
166,88.251,2.52381,-0.27664,15.5848,0.296558
167,89.007,2.33501,-0.301866,15.5834,0.307308
168,89.7593,2.13236,-0.322555,15.5819,0.30861
169,90.5084,1.91842,-0.337788,15.5805,0.306043
170,91.2551,1.6962,-0.346825,15.579,0.280768
171,92.0002,1.46901,-0.349194,15.5774,0.265768
172,92.7448,1.24045,-0.34464,15.5759,0.21628
173,93.49,1.01424,-0.333163,15.5743,0.194143
174,94.237,0.794215,-0.314956,15.5727,0.123817
175,94.9867,0.584195,-0.290408,15.571,0.10964
176,95.7401,0.387947,-0.260049,15.5694,0.0310634
177,96.4978,0.209267,-0.224397,15.5677,0.0882466
178,97.2599,0.0511974,-0.184461,15.566,0.116277
179,98.0264,-0.0840513,-0.141658,15.5643,0.176364
180,98.7966,-0.195017,-0.0975843,15.5626,0.233875
181,99.5699,-0.281158,-0.0539901,15.5609,0.288057
182,100.345,-0.34271,-0.0125484,15.5592,0.351555
183,101.122,-0.380776,0.0251666,15.5574,0.38099
184,101.9,-0.397124,0.0578611,15.5557,0.410312
185,102.678,-0.39416,0.0845273,15.5539,0.394859
186,103.455,-0.374927,0.104391,15.5522,0.380898
187,104.232,-0.342514,0.117257,15.5504,0.347501
188,105.009,-0.300151,0.123298,15.5486,0.30197
189,105.785,-0.251055,0.123014,15.5468,0.267279
190,106.56,-0.198297,0.117175,15.5451,0.198298
191,107.335,-0.144709,0.106726,15.5433,0.172327
192,108.111,-0.0927708,0.0927423,15.5415,0.0977397
193,108.886,-0.0446315,0.0762883,15.5397,0.0762033
194,109.662,-0.00190881,0.0584773,15.5379,0.062986
195,110.438,0.0342596,0.0403624,15.5361,0.044954
196,111.215,0.0631668,0.0228582,15.5343,0.11498
197,111.991,0.0845561,0.00674182,15.5326,0.0846695
198,112.768,0.0985379,-0.0073969,15.5308,0.131604
199,113.544,0.105568,-0.0191361,15.529,0.112262
200,114.32,0.106412,-0.0281992,15.5272,0.119096
201,115.097,0.101965,-0.0345251,15.5254,0.124696
202,115.873,0.09325,-0.0381976,15.5236,0.0953945
203,116.649,0.0813415,-0.0394258,15.5219,0.132735
204,117.425,0.067308,-0.0385119,15.5201,0.0685038
205,118.201,0.0522017,-0.035794,15.5183,0.0951176
206,118.977,0.0369273,-0.0316844,15.5165,0.058341
207,119.752,0.0222579,-0.0266079,15.5148,0.0522375
208,120.528,0.00882643,-0.0209698,15.513,0.0777814
209,121.304,-0.00289722,-0.0151462,15.5113,0.0155449
210,122.079,-0.0125932,-0.00945961,15.5095,0.108617
211,122.855,-0.0200973,-0.0041798,15.5078,0.0259835
212,123.63,-0.0253856,0.000482397,15.506,0.0803881
213,124.405,-0.0285422,0.00438617,15.5043,0.0557882
214,125.18,-0.0297482,0.00744968,15.5025,0.0539168
215,125.956,-0.0292514,0.00964973,15.5008,0.0843106
216,126.73,-0.00838193,0.0243753,15.4991,0.01663
217,127.503,0.054173,0.0648588,15.4973,0.119806
218,128.275,0.116997,0.0941154,15.4956,0.117508
219,129.049,0.139476,0.0853072,15.4939,0.162199
